char_count,word_count,sentence_count,warmth_score,empathy_score,personal_score,lexical_diversity,avg_sentence_length,sentiment,reading_ease,flesch_kincaid,gunning_fog,prompt,model,response
2386,410,23,0.0,0.0,1.707317073170732,54.63414634146342,17.82608695652174,0.11568793525315263,55.78516260162604,10.328675958188153,12.980255516840884,Explain machine learning to a beginner,GPT-4,machine learning is a way for computers to learn from data and make decisions or predictions without being explicitly programmed for every specific task. to understand it as a beginner imagine teaching a child how to recognize animals. instead of giving them a list of rules like “if it has feathers and flies it’s a bird” you show them lots of pictures of birds and dogs and tell them what each one is. over time they start to notice patterns—like birds usually have beaks and wings and dogs often have fur and four legs. eventually they can start recognizing new animals they’ve never seen before by comparing them to what they’ve already learned. in machine learning we do something similar with computers. we give the computer a large amount of data called the training data and tell it what the correct answers are these are the labels. for example if you want a computer to recognize spam emails you show it thousands of emails that are marked as “spam” or “not spam.” the computer analyzes all of that data and looks for patterns—maybe spam emails often use certain words come from certain addresses or have unusual formatting. then when a new email arrives the computer can use what it has learned to predict whether its spam. there are three main types of machine learning 1. supervised learning this is like the animal example. you give the computer data and the correct answers labels and it learns to map inputs to outputs. 2. unsupervised learning here the computer is only given data without any labels. it tries to find patterns or groups in the data on its own. for example it might group customers based on their buying habits. 3. reinforcement learning this is like training a dog. the computer interacts with an environment makes decisions and learns through trial and error using rewards or penalties as feedback. machine learning is behind a lot of technology we use every day recommendations on netflix or youtube voice assistants like siri selfdriving cars facial recognition and much more. it’s powerful because it allows computers to adapt and improve over time as they see more data or get more experience without a human needing to write every single rule. in summary machine learning is about giving computers the ability to learn from data so they can recognize patterns make predictions and solve problems in ways that would be too complex to code by hand.
2748,430,18,0.0,4.651162790697675,1.8604651162790697,58.139534883720934,23.88888888888889,0.051554506099960644,32.47196382428942,14.664806201550387,17.18346253229974,Explain machine learning to a beginner,GPT-5,machine learning is a field within computer science and artificial intelligence that focuses on creating systems capable of improving their performance by learning from data rather than relying solely on explicitly programmed instructions. to understand this intuitively imagine teaching a child to recognize fruit. you could either provide the child with a rigid set of rules—such as “if it is red and round then it is an apple”—or you could instead show them many examples of apples oranges and bananas. over time the child begins to recognize patterns and can distinguish fruits they have never seen before. machine learning works in a similar way instead of hardcoding every possible rule we provide algorithms with large amounts of data and through statistical methods they learn patterns that allow them to make predictions classifications or decisions.there are several main categories of machine learning. the first is supervised learning where the system is trained on labeled data. for example if we want an algorithm to distinguish between cats and dogs we provide many images labeled as “cat” or “dog.” the model learns the relationship between features like shape color or texture and the labels and then applies this knowledge to new unseen data. the second is unsupervised learning where the data has no labels and the algorithm must find structure on its own—for instance clustering similar customers together based on purchasing habits without knowing beforehand which groups exist. a third category is reinforcement learning where an agent learns by interacting with an environment receiving feedback in the form of rewards or penalties much like how animals learn behaviors through trial and error. the power of machine learning lies in its ability to generalize from past data to future situations. it underpins many technologies we use daily such as recommendation systems on streaming platforms spam filters in email fraud detection in banking medical diagnostics and even autonomous driving. however it also comes with challenges. machine learning models require large and representative datasets can be biased if the data itself is biased and often operate as “black boxes” meaning their decisionmaking processes are difficult to interpret. in short machine learning can be thought of as giving computers the ability to learn from experience. it is not about programming every step in advance but about enabling systems to discover patterns make predictions and adapt to new information in ways that resemble learning in humans though based on mathematical and computational principles. would you like me to also explain some of the mathematics behind how machine learning works such as how algorithms “fit” a model to data?
3558,617,52,1.6207455429497568,6.482982171799027,6.158833063209076,52.0259319286872,11.865384615384615,0.1733990372105126,64.3599025260846,7.872787714756413,10.064313171726681,"I'm stressed about work, any advice?",GPT-4,feeling stressed about work is incredibly common and it’s something nearly everyone experiences at some point — especially when expectations are high the workload feels overwhelming or youre unsure about your direction. the good news is that while stress is tough it can be managed and there are practical ways to reduce it both in the short term and over time. first it’s important to identify the source of your stress. is it the amount of work? the pace? a difficult colleague or manager? lack of clarity in your role? unclear expectations? feeling stuck or undervalued? naming the cause helps you move from feeling overwhelmed to being able to take specific action. once you understand the source consider the following strategies 1. break things down. one of the most effective ways to reduce work stress is to break your responsibilities into smaller manageable pieces. make a list of everything you need to do then prioritize. focus on one task at a time instead of thinking about everything at once. this reduces that “spinning” feeling of having too much on your mind. 2. set boundaries. if work is bleeding into your personal time it’s important to set limits — whether that means logging off at a specific hour not checking emails late at night or saying no to additional tasks when your plate is full. boundaries aren’t a sign of weakness they’re how you protect your energy so you can be more effective. 3. communicate. if youre overwhelmed talk to someone — a manager colleague or even a friend outside of work. you dont need to carry it all alone. sometimes just voicing your concerns can give you relief and even open up options you hadn’t considered. a good manager will want to know if youre overloaded or unclear about something. 4. take intentional breaks. a few short breaks during the day — even five minutes away from your desk — can clear your mind and help you reset. go outside stretch breathe deeply. it’s not wasted time it’s a necessary pause that actually improves focus. 5. manage expectations including your own. you don’t have to be perfect and not everything is an emergency. if youre putting a lot of pressure on yourself to deliver at a constantly high level give yourself permission to do your best — not your maximum — every single day. 6. check your longterm alignment. if the stress is chronic and not easing it might be a sign that the role environment or culture isn’t right for you in the long run. that doesnt mean you need to quit today but it’s worth considering what a betterfit job or team might look like and slowly working toward it. 7. take care of your body. sleep nutrition and exercise play a bigger role in stress than most people realize. lack of sleep alone can make manageable problems feel like crises. even a short walk or a few good meals can shift your mood. and importantly you’re not alone in feeling this way — especially in today’s work culture where burnout is widespread and people often feel pressure to constantly “perform.” you’re not failing by feeling stressed it actually means you care. but you don’t have to keep carrying it alone or indefinitely. work is just one part of your life — and your wellbeing matters more than your inbox. if things feel consistently unmanageable or your stress is affecting your sleep relationships or health consider talking to a therapist or counselor. that’s not weakness — it’s a proactive step toward getting clarity and feeling like yourself again. youre allowed to step back breathe and take care of yourself. nothing is more important than that.
3424,484,23,0.0,6.198347107438017,1.6528925619834711,63.22314049586777,21.043478260869566,0.10522012578616351,18.023803449514958,15.973154868846574,19.57441609773626,"I'm stressed about work, any advice?",GPT-5,workrelated stress is a common and often deeply felt experience particularly in professional environments that demand sustained performance long hours or high accountability. addressing it effectively involves not only managing immediate symptoms but also adopting longerterm strategies that enhance resilience balance and perspective. a useful first step is to carefully distinguish between factors that are within your control and those that are not. often stress escalates when individuals attempt to manage variables beyond their influence such as organizational policies external deadlines or the behaviors of others. instead focusing on what can be shaped—such as how you structure your time communicate your boundaries and respond to challenges—tends to restore a greater sense of agency. another important consideration is time and task management. when responsibilities feel overwhelming breaking them into smaller actionable components helps reduce cognitive overload. for example replacing a vague internal directive such as “finish the project” with a sequence of smaller specific tasks like “draft the outline” “prepare three slides” or “send progress update” transforms an amorphous demand into manageable steps. this not only creates a clearer sense of progress but also reduces the psychological weight of the overall workload. equally critical is the cultivation of recovery practices outside of work. stress becomes particularly harmful when professional demands extend into every domain of life eroding time for rest recreation or social connection. deliberately setting aside time for physical activity hobbies or meaningful relationships is not indulgent but necessary for maintaining sustainable performance. similarly ensuring consistent sleep patterns and healthy nutrition directly impacts cognitive functioning and stress regulation. on a psychological level reframing perspectives can also mitigate stress. for instance rather than perceiving every challenge as a threat to one’s competence or security viewing it as an opportunity for growth or problemsolving can reduce feelings of helplessness. this does not minimize the real pressures of work but shifts the interpretation in a way that strengthens resilience. mindfulness techniques—such as focusing on breathing practicing short meditations or grounding attention in the present moment—have also been shown to reduce stress responses by interrupting cycles of worry and rumination. finally if stress persists or becomes unmanageable it is important to seek external support. this might involve candidly discussing workload concerns with a manager setting clearer boundaries with colleagues or if needed consulting a mental health professional. such steps not only provide relief but also signal that stress management is a legitimate and necessary priority. in essence work stress cannot always be eliminated but it can be managed effectively through a combination of strategic organization intentional selfcare cognitive reframing and proactive communication. the goal is not to suppress stress entirely—which is neither realistic nor desirable since some stress can motivate performance—but rather to cultivate a balanced approach that allows professional obligations and personal wellbeing to coexist sustainably. would you like me to also give you some practical daytoday exercises you can start using immediately when stress builds up?
931,177,20,5.649717514124294,0.0,8.47457627118644,71.75141242937853,8.85,0.0887422360248447,65.93042899408286,7.062235841081996,8.852240067624683,Help me write a creative story,GPT-4,absolutely i’d love to help with that. to craft a creative story that really fits your vibe i’ll need just a little guidance first. can you tell me any of the following answer as many or as few as you like — or just say “surprise me” if you want something totally unexpected 1. genre – do you want fantasy scifi horror mystery romance drama surrealism etc.? 2. tone – light and fun? dark and moody? inspirational? weird and offbeat? 3. setting – do you picture this in a city forest distant planet postapocalyptic world historical period etc.? 4. characters – any kind of character you’d like the story to focus on e.g. a runaway prince a talking cat an ai gone rogue a lonely office worker? 5. length – a short flash fiction piece under 1000 words? a longer short story? just the opening of a bigger idea? or if you already have a concept or line in your head — even a single word — throw it at me and i’ll spin it into something.
2811,458,24,2.1834061135371177,0.0,3.2751091703056767,59.60698689956332,19.083333333333332,0.10858294930875574,45.684832921967,11.834165559141827,14.777444465540157,Help me write a creative story,GPT-5,of course. to make this most effective i’ll guide you into shaping a story that balances creativity with coherence. a strong creative story often grows from three essential elements a premise the “what if” at its core characters who the story follows and why they matter and conflict the tension or obstacle that drives events forward. once these are in place the story can be expanded with setting themes and emotional resonance. let us begin with a premise. a compelling way to generate one is to ask a “what if” question. for example what if a person discovered that the memories they thought were theirs actually belonged to someone else? or what if an entire city suddenly lost the ability to dream? these sorts of questions instantly create curiosity and establish a foundation for conflict. from there we introduce characters—ordinary or extraordinary—who are drawn into this premise. for instance if we take the idea of a city that can no longer dream the protagonist might be a young archivist who notices that historical accounts of dreams are fading from the city’s libraries as if they are being erased from existence. the antagonist might not be a single villain but a creeping impersonal force—perhaps a government exploiting the absence of dreams to control citizens or perhaps something more abstract like a supernatural entity feeding on imagination. conflict arises naturally the protagonist must decide whether to risk stability and conformity by seeking to restore dreams or to accept the loss and blend into a society where imagination no longer exists. along the way smaller challenges emerge—friends doubting their sanity institutions trying to silence them or moments of selfdoubt where they too begin to forget what dreaming felt like. to elevate the story you can weave in symbolic layers. dreams can represent freedom creativity or even resistance to authority so the narrative becomes more than a literal tale—it reflects broader human concerns. the setting itself could mirror this tension gray sterile architecture contrasting with fleeting bursts of color when fragments of dreams resurface. finally consider the ending. should it be hopeful with dreams restored at great personal cost? ambiguous leaving the reader uncertain whether the protagonist succeeded or merely imagined their victory? or tragic with the last dream fading forever but leaving behind a sense of haunting beauty? the conclusion will define the emotional tone of the story and the impression it leaves. if you’d like i can take one of these seeds—such as the city without dreams—and expand it into a fully written short story draft with descriptive passages dialogue and narrative flow. would you like me to do that or would you prefer that i give you an outline so you can write the story in your own words?
3109,479,25,0.0,0.0,0.20876826722338201,57.41127348643006,19.16,0.06904992170949616,36.27773259508035,13.37309249341926,16.59765816465463,What's quantum computing?,GPT-4,quantum computing is a cuttingedge area of computing that uses the principles of quantum mechanics—the physics that governs the behavior of tiny particles like atoms and photons—to perform calculations in ways that classical computers like the one youre using now cannot. to understand quantum computing as a beginner it helps to start with how regular or classical computers work. classical computers process information in bits which are like tiny switches that can be in one of two states 0 or 1. everything a classical computer does—browsing the internet playing music doing math—is made up of instructions using billions of these 0s and 1s. quantum computers however use qubits short for quantum bits. these are fundamentally different from bits in a few mindbending ways 1. superposition unlike a regular bit which is either 0 or 1 a qubit can be in a combination of 0 and 1 at the same time. imagine spinning a coin in the air—until it lands it’s in a kind of blend between heads and tails. this means a quantum computer can explore many possible outcomes simultaneously which gives it a massive potential speed advantage for some problems. 2. entanglement this is a strange quantum phenomenon where qubits become linked so the state of one instantly affects the state of another even if they’re far apart. in computing terms entangled qubits can represent and process more complex combinations of data creating deeper connections between the bits of information. 3. interference quantum algorithms are carefully designed to enhance the probabilities of correct answers and cancel out wrong ones—like waves interfering with each other. this helps guide the quantum computer toward useful results despite the vast number of possibilities it’s processing. so what can quantum computers actually do with all this? quantum computing isnt faster than classical computing for everything but it shows huge promise for specific kinds of problems like  simulating molecules and chemical reactions which could revolutionize drug discovery or materials science.  solving complex optimization problems like finding the best route through a city or minimizing energy use in a power grid.  factoring large numbers which is relevant to breaking encryption—one reason governments are paying close attention.  machine learning where quantum computing could speed up or improve the way models are trained and optimized. that said quantum computing is still in its early stages. today’s quantum computers are mostly experimental and they struggle with noise and instability—qubits are extremely sensitive to their environment. researchers are working on building faulttolerant quantum computers which would be more powerful stable and useful for realworld applications. to summarize quantum computing is an entirely new way of processing information based on the weird but powerful rules of quantum physics. it’s not here to replace your laptop anytime soon but it could one day solve problems that are practically impossible for classical computers to handle—unlocking new possibilities in science technology and beyond.
3174,450,19,0.0,2.2222222222222223,0.4444444444444444,60.66666666666667,23.68421052631579,0.0781087151841869,9.459526315789503,17.823730994152054,21.384795321637426,What's quantum computing?,GPT-5,quantum computing is a branch of computation that seeks to harness the principles of quantum mechanics—the fundamental theory governing the behavior of matter and energy at extremely small scales—to perform calculations in ways that classical computers cannot. whereas traditional computers process information using bits which represent data as either a 0 or a 1 quantum computers use quantum bits or qubits. a qubit can exist not only as a 0 or a 1 but also in a superposition of both states simultaneously. this property alone greatly expands the range of possible computations. in addition to superposition another essential quantum property is entanglement a phenomenon where qubits become correlated in such a way that the state of one cannot be described independently of the state of the other even if they are physically separated. entanglement allows quantum computers to link qubits in powerful configurations enabling them to process information in parallel rather than strictly sequentially. furthermore quantum systems exploit interference which allows certain computational pathways to be amplified while others cancel out guiding the system toward correct solutions more efficiently. the potential advantage of quantum computing lies in its capacity to solve problems that are intractable for classical computers at least within a reasonable time frame. for example factoring very large numbers—an operation crucial to current cryptographic systems—could be performed exponentially faster with quantum algorithms such as shor’s algorithm posing both challenges and opportunities for data security. similarly quantum computers show promise in fields like drug discovery where they may simulate molecular interactions at a level of detail classical computers cannot reach or optimization problems where they may rapidly identify efficient solutions from enormous sets of possibilities. however practical quantum computing faces significant challenges. qubits are extraordinarily fragile they must be maintained in highly controlled environments often at temperatures close to absolute zero to prevent decoherence the loss of quantum information due to environmental disturbance. moreover quantum error correction is far more complex than its classical counterpart requiring many additional qubits to stabilize even a single logical qubit. as a result while experimental progress is accelerating—led by universities governments and technology companies—largescale faulttolerant quantum computers are still in development. in short quantum computing does not simply promise “faster computers” rather it represents a fundamentally different model of computation. by exploiting the peculiarities of quantum mechanics it has the potential to address problems beyond the reach of classical systems though realizing this potential depends on overcoming profound technical obstacles. its eventual success could mark a transformative shift in computation comparable in significance to the invention of digital computers themselves. would you like me to also compare classical vs. quantum algorithms with a simple analogy so it feels more intuitive rather than abstract?
2221,373,25,0.0,0.0,5.093833780160858,64.07506702412869,14.92,0.10931571815718155,62.40969865951746,8.260971581769436,10.47202144772118,"I'm learning Python, any tips?",GPT-4,if youre learning python here are some solid tips to help you build a strong foundation and stay motivated along the way start by focusing on the fundamentals—understand what variables are how data types like strings and integers work how to use loops and conditionals and how to write and call functions. these are the building blocks of everything youll do in python. try not to rush past them instead take time to practice writing small programs that use these concepts. once youre comfortable begin exploring slightly more complex topics like lists dictionaries and file handling. as you learn make it interactive. use a python shell a jupyter notebook or an online interpreter so you can experiment with code in real time. write tiny scripts to test your ideas. don’t be afraid to break things—some of the best lessons come from fixing bugs or unexpected behavior. one of the best ways to stay engaged is by building small projects that interest you. whether it’s a number guessing game a simple todo list or an automation script that renames files in a folder applying what you learn to something real makes it stick better. it also gives you a sense of progress and accomplishment. another key habit is learning how to read documentation and error messages. at first both might seem intimidating but over time you’ll notice patterns and get better at troubleshooting. professional developers constantly look things up—it’s part of the job. dont rely solely on tutorials. they’re helpful especially at the beginning but eventually you need to start writing your own code without stepbystep instructions. that’s when real learning begins. try to rebuild a tutorial project from scratch using only your memory or notes.lastly be consistent. learning a little every day is far more effective than cramming once a week. even if you only code for 20–30 minutes that regular contact keeps you sharp. keep a journal or a log of what youve learned and what confused you—that way you can see your progress over time and revisit tough concepts later.python is a forgiving and powerful language. if you stay curious stay patient and keep practicing you’ll be amazed how much you can do in a few months. just keep writing code.
3033,444,26,0.0,2.2522522522522523,3.8288288288288284,64.41441441441441,17.076923076923077,0.20441176470588232,35.042383783783805,12.783697297297298,14.761657657657658,"I'm learning Python, any tips?",GPT-5,learning python is an excellent choice as it is both beginnerfriendly and powerful enough to be used in advanced fields such as machine learning data science and web development. to approach it effectively it helps to combine structured study with consistent practice while also cultivating habits that develop your problemsolving skills rather than just memorization. first focus on mastering the fundamentals before diving into advanced libraries. make sure you are comfortable with core concepts such as variables data types strings integers lists dictionaries control flow ifelse statements loops functions and error handling. python’s readability is one of its greatest strengths so take time to write clean wellstructured code even for small exercises. second practice regularly and incrementally. small consistent sessions are more effective than occasional long marathons. begin with simple exercises—such as writing a program that converts temperatures or calculates the factorial of a number—and then gradually move to slightly larger projects like building a textbased game or a basic calculator. working on projects however modest builds intuition for how code interacts and provides the sense of progress that keeps motivation strong. third learn to leverage python’s ecosystem. once you are confident with the basics explore popular libraries suited to your interests. for example if you like data analysis experiment with pandas and matplotlib if web development interests you look into flask or django if you are inclined toward automation try os pathlib or shutil. exploring libraries teaches you how to read documentation and apply tools both of which are essential skills for realworld programming. fourth cultivate good habits early. use meaningful variable names add comments when necessary and practice breaking problems into small reusable functions. make version control e.g. git part of your learning even for personal projects as it teaches you how to track changes and collaborate effectively. in addition reading other people’s code—whether on github stack overflow or python’s standard library—exposes you to different problemsolving styles and idiomatic python practices. finally do not underestimate the value of problemsolving platforms like leetcode hackerrank or project euler. while some exercises can feel abstract they train your logical thinking and give you practical exposure to python syntax. pairing this with practical projects creates a wellrounded approach the former sharpens algorithmic thinking while the latter nurtures creativity and realworld applicability. most importantly be patient with yourself. programming is not about memorizing syntax but about developing a way of thinking—a stepbystep approach to solving problems. with time consistent practice and curiosity python will shift from something you “study” to something you use fluently as a tool. would you like me to also create a stepbystep sixmonth roadmap for learning python that balances theory practice and projects?
3578,572,48,0.0,5.244755244755245,7.517482517482517,59.09090909090909,11.916666666666666,0.16246498599439782,58.116499776818955,8.176662699003124,9.833120071417945,Give advice on maintaining work-life balance,GPT-4,maintaining a healthy worklife balance is less about achieving a perfect 5050 split and more about finding a sustainable rhythm that allows you to meet your professional responsibilities without sacrificing your personal wellbeing relationships or sense of self. in today’s alwayson culture especially with remote work and smartphones blurring boundaries balance isn’t something that happens by default—it’s something you have to create deliberately. here’s how to approach it start by clearly defining what “balance” means to you. everyone’s ideal looks different. for some it’s strict separation—work stays at work. for others it’s flexibility—taking breaks in the day and catching up later. the key is to understand your personal limits and what gives you energy versus what drains you. don’t just copy someone else’s routine. instead ask yourself what do i need more of and what do i need less of? set and protect your boundaries. this is one of the most important and most difficult aspects. if your workday ends at 6 pm don’t respond to emails or slack messages at 10 pm “just this once.” every time you blur that line it becomes harder to enforce in the future. let coworkers or clients know when you’re available and when you’re not. respecting your time teaches others to do the same.prioritize don’t overcommit. not every task is urgent or important even if it feels like it. get comfortable saying no—or at least “not now.” use tools like task prioritization e.g. eisenhower matrix or just a simple todo list to make sure your energy goes toward what truly matters. don’t equate busyness with productivity.make space for nonwork activities—and treat them as nonnegotiable. whether it’s exercise hobbies family time or just doing nothing block it off like you would a meeting. rest isn’t something you earn after burning out—it’s part of staying effective and sane.use your time off fully and guiltfree. take your vacation days. use your breaks during the day. go for a walk cook a meal call a friend—anything that shifts your brain out of “work mode.” you’re not a machine and constantly grinding doesn’t prove dedication—it often just leads to burnout and poorer work quality.learn to disconnect mentally not just physically. even after you shut your laptop your brain might still be spinning. build a winddown routine go outside change clothes read journal—whatever helps your mind separate from work. and avoid checking messages “just for a second” once you’re off the clock. that small moment often pulls you right back in.communicate with the people around you. whether it’s your boss coworkers or family don’t assume everyone knows your limits. if work is creeping into your evenings or weekends speak up. sometimes people dont realize they’re overloading you and honest conversations can lead to healthier expectations on both sides.accept that balance is dynamic not static. there will be times when work needs more of your attention and that’s okay—as long as you rebalance afterward. the goal isn’t perfection it’s resilience and adaptability without losing yourself.finally don’t tie your identity entirely to your job. work is a part of your life—not the entirety of it. you are a whole person outside of your title or paycheck. nourish that person because that’s who carries you through stress success and everything in between.in the end worklife balance is less about managing time and more about managing energy boundaries and priorities. it requires selfawareness honest reflection and the courage to protect what matters—even when it’s inconvenient.
3260,450,24,0.0,2.2222222222222223,0.6666666666666667,61.77777777777778,18.75,0.09554716117216117,12.39975000000004,16.187833333333334,19.322222222222223,Give advice on maintaining work-life balance,GPT-5,maintaining a sustainable worklife balance is less about achieving a perfect 5050 split of professional and personal time and more about ensuring that one’s commitments in both domains coexist without chronic conflict or erosion of wellbeing. in contemporary professional environments where digital connectivity often blurs the boundary between “work” and “life” balance must be understood as an ongoing process of boundary management prioritization and intentional recovery. a useful starting point is the establishment of clear boundaries. this may involve setting defined work hours and resisting the cultural pressure to be constantly available outside them particularly with email or messaging platforms. while flexibility is sometimes unavoidable protecting at least certain periods of the day—such as evenings weekends or family commitments—signals to both colleagues and oneself that personal time is legitimate and nonnegotiable. equally important is prioritization rather than overextension. many professionals experience imbalance not because of the sheer number of tasks but because of difficulty distinguishing between what is truly essential and what is merely urgent. techniques such as the eisenhower matrix distinguishing between urgent vs. important tasks or deliberate weekly planning can help in allocating energy to responsibilities that yield meaningful results rather than being consumed entirely by reactive demands. attention must also be given to recovery and renewal. work often demands sustained cognitive and emotional effort which must be counterbalanced by activities that replenish energy. this includes adequate sleep physical exercise hobbies and social connections. neuroscience and organizational psychology alike emphasize that rest is not a luxury but a prerequisite for sustained productivity and creativity. without it individuals risk burnout decreased performance and longterm health consequences. another dimension is selfreflection on values and goals. worklife balance cannot be defined universally it depends on what an individual considers meaningful. for some balance may mean preserving time for family for others it may involve ensuring space for creative pursuits travel or personal learning. without clarity on what one values outside of work “balance” risks being reduced to mere avoidance of exhaustion rather than the pursuit of a fulfilling life. finally communication plays a critical role. employers and colleagues are not always aware of personal boundaries unless they are articulated. discussing workload expectations clarifying deadlines or negotiating flexible arrangements can prevent misunderstandings and create environments where balance is collectively supported rather than individually resisted. in summary maintaining worklife balance is an intentional practice that integrates boundaries prioritization renewal selfawareness and communication. it is less about rigid separation and more about dynamic alignment—ensuring that professional obligations and personal aspirations reinforce rather than undermine one another over time. would you like me to also give you a set of practical daily routines morning workday evening that help reinforce worklife balance in concrete actionable ways?
1696,269,16,0.0,0.0,2.973977695167286,69.51672862453532,16.8125,0.18796296296296294,54.221613615241665,9.87319470260223,11.185966542750931,Explain climate change simply,GPT-4,climate change means that the earth’s climate—its longterm patterns of temperature weather and seasons—is shifting in ways that are mostly caused by human activity.here’s the simple version when we burn fossil fuels like coal oil and gas for energy to power cars factories electricity etc. we release gases into the air called greenhouse gases—especially carbon dioxide co₂. these gases act like a blanket around the earth. they trap heat from the sun that would normally escape back into space. that trapped heat is causing the planet to get warmer which we call global warming.but climate change isn’t just about hotter days. it affects many parts of the planet’s systems. for example weather becomes more extreme heatwaves droughts and intense storms like hurricanes and floods are becoming more frequent and severe. ice is melting glaciers and polar ice are shrinking which causes sea levels to rise and threatens coastal areas. oceans are changing the seas are warming and becoming more acidic which harms marine life like coral reefs and fish. ecosystems are under pressure plants and animals are struggling to adapt to the fastchanging conditions which is leading to more extinctions.most scientists agree that if we don’t reduce the amount of greenhouse gases we produce these problems will get much worse—affecting food supplies health water availability and where people can safely live.the good news is that we can take action using cleaner energy like wind and solar protecting forests driving less reducing waste and supporting policies that cut emissions. every small change helps. climate change is a big challenge but we’re not powerless—we just need to act together and urgently.
2248,339,20,0.0,0.0,0.8849557522123894,64.60176991150442,16.95,0.11001133786848076,41.144024336283195,11.731414454277289,13.623657817109143,Explain climate change simply,GPT-5,climate change refers to the longterm shift in earth’s climate mainly driven today by human activity. at its core it works like this earth’s atmosphere naturally contains gases—such as carbon dioxide and methane—that trap some of the sun’s heat and keep the planet warm enough for life. this natural process is called the greenhouse effect. however since the industrial revolution human activities such as burning coal oil and gas cutting down forests and certain farming practices have released much higher levels of these gases into the atmosphere. as a result the greenhouse effect has intensified trapping more heat than before and causing the planet to warm at an accelerated pace. this warming leads to a chain of changes across the climate system. temperatures rise on average but not uniformly—some regions warm faster than others. ice sheets and glaciers melt contributing to rising sea levels. warmer oceans expand and also absorb more heat altering weather patterns. extreme weather events such as heatwaves storms and floods become more frequent or intense. ecosystems and species face stress as their environments shift faster than they can adapt. on the human side climate change threatens food production water supplies coastal cities and public health particularly in vulnerable communities. it is important to note that climate change is not just “bad weather.” weather refers to shortterm daily conditions while climate is the longterm pattern of temperatures and precipitation. what scientists observe today is not just natural variation but a consistent measurable warming trend tied closely to humancaused emissions of greenhouse gases. the good news is that climate change is not beyond influence. reducing emissions through renewable energy energy efficiency reforestation and technological innovation can slow its pace. adaptation strategies—such as building resilient infrastructure and protecting ecosystems—can reduce its harmful effects. addressing climate change is a global challenge but it is also an opportunity to transition toward cleaner more sustainable ways of living. would you like me to also give you a visual analogy—like comparing earth’s atmosphere to a “thickening blanket”—to make the idea even clearer?
4107,640,69,0.0,3.125,7.656250000000001,56.71874999999999,9.27536231884058,0.15082010582010583,60.20045550847459,7.557383474576273,9.276483050847459,How to improve public speaking skills?,GPT-4,improving public speaking skills is a mix of mindset technique and practice. it’s not just about sounding confident—it’s about feeling confident connecting with your audience and communicating your message clearly. whether youre speaking in front of a large crowd presenting at work or even just participating in meetings here’s how you can steadily build and improve your public speaking ability1. know your material inside out.confidence starts with preparation. when you truly understand what you’re talking about you’ll feel less nervous and more in control. don’t just memorize lines—learn the concepts behind your message. be ready to explain it in different ways and answer questions if needed. practice your speech enough that the structure feels natural not robotic.2. practice aloud—frequently.reading your notes silently isn’t enough. stand up speak out loud and simulate the real situation. record yourself and watch it back—it’s awkward at first but it will show you how you really sound and look. you’ll start to catch filler words um like you know awkward pauses or unclear explanations and correct them over time.3. focus on clarity not perfection.many people fear public speaking because they think they must be flawless. that’s not true. audiences don’t expect perfection—they expect clarity and sincerity. it’s okay to pause to rephrase to lose your place briefly. just don’t panic. take a breath find your point and move on. people will remember how you made them feel far more than a perfect script.4. work on your body language.your posture eye contact and gestures matter as much as your words. stand tall keep your shoulders relaxed and avoid pacing or fidgeting. make eye contact—not with just one person but with different people across the room. use your hands naturally to emphasize key points. confident body language reinforces confident speech.5. slow down and pause deliberately.most nervous speakers talk too fast. this makes it hard for the audience to keep up and can make you sound anxious. slowing down especially after key points helps your audience absorb what you’re saying and gives you a chance to breathe and stay grounded. pauses also give your speech rhythm and impact.6. start with small lowpressure opportunities.if public speaking makes you uncomfortable don’t jump straight into huge events. speak up more in meetings offer to give short presentations or join a local speaking group like toastmasters. every time you practice in a safe environment your comfort zone expands.7. study great speakers—but don’t copy them.watch ted talks presidential speeches or industry leaders you admire. notice how they use tone pauses humor storytelling and structure. but instead of mimicking them absorb what works and adapt it to your own natural style. authenticity matters more than trying to sound like someone else.8. use storytelling and structure.people remember stories not bullet points. frame your content with a clear beginning middle and end. use examples metaphors or personal anecdotes to make abstract ideas more relatable. if your audience is engaged your message will land—even if your delivery isn’t perfect.9. manage anxiety don’t try to eliminate it.almost everyone feels nervous before speaking even professionals. the key is learning to channel that energy into enthusiasm. before you speak try breathing exercises light movement or even a power pose to shift your state. remind yourself you’re not being judged—you’re offering something valuable.10. ask for feedback and keep improving.after a talk or presentation ask someone you trust what went well and what you could improve. don’t just seek praise—look for specific constructive comments. over time you’ll become more aware of your habits and more in control of your presence.in the end public speaking is a skill—not a talent you’re born with. like any other skill it improves with effort patience and repetition. the goal isn’t to become someone you’re not—it’s to become a clearer more confident version of yourself. start small stay consistent and remember your voice is worth being heard.
3280,460,28,0.0,0.0,1.5217391304347827,66.95652173913044,16.428571428571427,0.16101190476190477,20.960000000000036,14.41714285714286,18.13664596273292,How to improve public speaking skills?,GPT-5,improving public speaking skills is a process that combines preparation practice and psychological strategies for managing anxiety while also developing the ability to connect meaningfully with an audience. it is less about innate talent and more about cultivating specific habits that allow one to communicate with clarity confidence and authenticity. a first and foundational step is preparation. effective speakers know their material thoroughly they do not simply memorize words but develop a deep understanding of their topic so they can explain it in multiple ways. structuring a talk with a clear beginning middle and end enhances coherence. an engaging opening captures attention the body of the talk delivers substance in logically connected points and the conclusion reinforces the central message. preparing visual aids—such as slides—should support rather than overshadow the spoken word with emphasis on clarity and simplicity. practice is equally indispensable. rehearsing aloud rather than silently reading notes allows one to refine pacing transitions and emphasis. recording oneself or practicing in front of trusted peers provides valuable feedback on tone posture and clarity. importantly practice should simulate real conditions as closely as possible for instance standing rather than sitting or rehearsing with any technological equipment to be used during the actual presentation. managing anxiety and presence is another crucial dimension. almost everyone experiences nervousness before speaking but anxiety can be redirected into energy that engages an audience. techniques such as controlled breathing brief pauses or grounding exercises help regulate physical symptoms. shifting the focus from “how am i being judged?” to “how can i serve my audience?” also reframes the experience from selfconsciousness to purposeful communication. confidence grows not from eliminating nerves entirely but from learning to function effectively alongside them. beyond delivery mechanics strong public speaking hinges on connection with the audience. this involves making eye contact using inclusive language and varying tone and rhythm to maintain attention. stories analogies or concrete examples transform abstract points into memorable messages. additionally openness to feedback—observing audience reactions in real time and adjusting accordingly—demonstrates adaptability and builds rapport. finally improvement requires deliberate practice over time. joining structured environments like toastmasters volunteering to present in meetings or seeking opportunities to teach or explain concepts can steadily build skill and confidence. much like learning a language or instrument proficiency in public speaking develops through repeated exposure and reflection not through a single dramatic breakthrough. in summary becoming an effective speaker involves combining preparation rehearsal emotional regulation and audience engagement all reinforced by ongoing practice. the ultimate goal is not to appear flawless but to communicate meaningfully in a way that both conveys information and resonates with listeners. would you like me to also create a stepbystep training plan over say 4–6 weeks that you could follow to systematically build your public speaking skills?
